フィーチャID,形状(WKT),データID,データ名,特色、概要,問い合わせ先,問い合わせ電話番号,問い合わせホームページ,期間開始日時,期間終了日時,作成者,作成日時,更新者,更新日時
1,POINT(136.787657429148 35.2479527824682),da010102,稲沢公園,豊かな緑に包まれた公園。バラやさくら、広大な芝生広場や散歩道での憩いのひとときを。樹木の名に詳しくなれます。,稲沢市建設部都市整備課,0587-32-1372,http://www.city.inazawa.aichi.jp/shisetsuannai/koen_shizen/koen/1001718.html,"","",システム管理者,2015/01/26 15:48:18,システム管理者,2021/02/22 10:01:00
2,POINT(136.79355076725 35.2400024469971),da010103,あじさい寺（大塚性海寺歴史公園）,約９０種１万本のあじさいが一斉に咲きほこる、歴史と自然が一体となった名所。,稲沢市役所商工観光課,0587-32-1332,http://www.city.inazawa.aichi.jp/shisetsuannai/koen_shizen/koen/1001719.html,"","",システム管理者,2015/01/26 15:48:18,システム管理者,2021/02/22 10:02:29
3,POINT(136.738755705128 35.2568040299902),da010104,ぎんなん・いちょう並木,樹齢１００年を超えるいちょう大木群は、その昔、伊吹おろしを防ぐために植えられたのが始まりという。新緑の季節、青葉の季節、黄葉の季節、四季それぞれの美しさを見せてくれる。,稲沢市観光協会,0587-22-1414,http://www.inazawa-kankou.jp/,"","",システム管理者,2015/01/26 15:48:18,システム管理者,2020/03/17 13:17:36
4,POINT(136.70563670715 35.2638396962124),da010105,木曽三川公園 ワイルドネイチャープラザ,清流と緑豊かなまち・稲沢市祖父江町の木曽川岸に沿って広大な砂丘があり、その周りには松林、湿地性草花、水鳥のさえずり、澄んだ空気が和ませてくれます。,サリオパーク祖父江 ワイルドネイチャープラザ ,0587-97-8722,https://www.kisosansenkoen.jp/~wildnature/,"","",システム管理者,2015/01/26 15:48:18,システム管理者,2021/02/22 10:05:19
5,POINT(136.755794670131 35.2710875937313),da010106,萩原・萬葉公園,萩の名所として万葉集に数多く歌われていると伝えられ、これにちなみ昭和３２年に歌碑を建立し萬葉公園と名付けられました。築込分園、高松分園、戸苅分園からなり、樫の木文化資料館も隣接しています。,樫の木文化資料館,0586-46-3215（一宮市博物館）,"","","",システム管理者,2015/01/26 15:48:18,システム管理者,2021/02/22 10:07:16
6,POINT(136.738918535619 35.2132384878151),da010107,平和の桜並木,平和支所～日光川～須ヶ谷川を桜でつなぎ「桜ネックレス」と呼ばれ、約２kmのシンボルロードとなっています。約60種の桜が次々と開花し3月上旬から5月上旬まで楽しむことができます。,稲沢市市長公室平和支所,0567-46-1111,http://www.city.inazawa.aichi.jp/miryoku/heiwa_sakura/index.html,"","",システム管理者,2015/01/26 15:48:18,システム管理者,2021/02/22 10:09:32
7,POINT(137.100168870188 35.2141380961918),da010108,瀬戸市南公園・萩殿の森,森林治山事業とともに、当時の「萩御殿」を模した休憩施設を設置した。明治時代のはげ山復旧工事の見学茶屋であった「萩御殿」が名の由来。,瀬戸市役所,0561-82-7111,http://www.city.seto.aichi.jp,"","",システム管理者,2015/01/26 15:48:18,システム管理者,2020/03/17 13:23:46
8,POINT(137.036355323914 35.2253181742443),da010109,維摩（いま）池,維摩池周辺はウォーキングコースになっています。,尾張旭市都市整備課公園緑地係,0561-76-8161,http://www.city.owariasahi.lg.jp/kurasi/seikatu/park/imaike.html,"","",システム管理者,2015/01/26 15:48:18,システム管理者,2021/02/22 10:57:01
9,POINT(137.028311518963 35.2202251292729),da010109,城山公園,公園では春には桜まつり、秋には市民祭や農業まつりが行われ、その周辺はウォーキングコースになっています。,尾張旭市都市整備課公園緑地係,0561-76-8161,http://www.city.owariasahi.lg.jp/kurasi/seikatu/park/shiroyama/001.html,"","",システム管理者,2015/01/26 15:48:18,システム管理者,2021/02/22 10:51:52
10,POINT(137.026267635535 35.0992483331067),da010110,涼松（すずみまつ）せせらぎの道,愛知用水路に「ふた」をし、その上部を利用した水とふれあう公園。,東郷町役場都市計画課,0561-38-3111（東郷町役場都市計画課）,http://www.town.aichi-togo.lg.jp/tokei/koen/kyouiku/leisure/kouen/seseraginomichi.html,"","",システム管理者,2015/01/26 15:48:18,システム管理者,2020/03/17 13:27:01
11,POINT(137.091287599185 35.2801090320234),da010111,定光寺,桜と紅葉の名所。尾張徳川家の藩祖義直を祀る源敬公廟のある臨済宗の古刹。,定光寺,0561-48-5319,http://www.aichi-now.jp/spots/detail/959/,"","",システム管理者,2015/01/26 15:48:18,システム管理者,2020/12/07 11:44:22
12,POINT(137.144867253063 35.2400888168362),da010112,岩屋堂公園,自然あふれる瀬戸の奥座敷。四季を通しての観光スポット,瀬戸市まるっとミュージアム観光協会,0561-85-2730,http://www.seto-marutto.info/,"","",システム管理者,2015/01/26 15:48:18,システム管理者,2020/12/07 11:46:54
13,POINT(137.072071732597 35.1096684984496),da010113,愛知池,知多半島の慢性的な水不足を解消するために整備された愛知用水の調整池として造られた。,（独）水資源機構 愛知用水総合管理所,0561-39-5460,http://www.water.go.jp/chubu/aityosui/b(jyouhou-main)/01(aitiyousui)/03(sisetu)/03(aitiike)/b-01-03-03.html,"","",システム管理者,2015/01/26 15:48:18,システム管理者,""
14,POINT(136.992280714693 35.271677604392),da010114,落合公園の桜,日本の都市公園百選に選ばれた落合公園に、ソメイヨシノほか千本余の桜が美しく咲き競います。,春日井市役所公園緑地課,0568-85-6281,https://www.city.kasugai.lg.jp/shisei/1009248/kanko/admin/1009354.html,"","",システム管理者,2015/01/26 15:48:18,システム管理者,2021/02/22 11:08:28
15,POINT(136.961095043154 35.2549791788415),da010115,朝宮公園,桜並木が落合公園から続いており、のんびり散策が楽しめます。,春日井市文化スポーツ部朝宮公園管理事務所,0568-84-4991,https://www.city.kasugai.lg.jp/shimin/bunka/sports/asamiya/index.html,"","",システム管理者,2015/01/26 15:48:18,システム管理者,2021/02/22 11:21:32
16,POINT(136.974878617435 35.2631958376208),da010115,三つ又ふれあい公園,桜並木が落合公園から続いており、のんびり散策が楽しめます。,春日井市建設部公園緑地課,0568-85-6281,https://city.kasugai.lg.jp/shisei/machi/park/1008523/1008545/1008551.html,"","",システム管理者,2015/01/26 15:48:18,システム管理者,2020/03/19 09:09:49
17,POINT(136.995412346537 35.3191512882546),da010116,兒（ちご）の森,子どもたちの自然体験の場として小牧市東部のゆるやかな丘陵地帯に整備されました。呼称は、地元のお宮の名前に由来しています。,小牧市こども未来部こども政策課,0568-76-1179,http://www.city.komaki.aichi.jp/admin/life/kosodate/kosodateshisetsu/15564.html,"","",システム管理者,2015/01/26 15:48:18,システム管理者,2020/12/07 11:48:57
18,POINT(136.913334551839 35.2937312289314),da010117,小牧山,春の桜、夏の青葉、秋の紅葉、そして雪の小牧山と四季折々の姿を見せ、憩いの場として親しまれている。,小牧山(小牧市歴史館）,0568-72-0712,http://www.city.komaki.aichi.jp/admin/event_1/events/bunkazai/1/index.html,"","",システム管理者,2015/01/26 15:48:18,システム管理者,2020/12/07 13:09:53
19,POINT(136.877371317033 35.2780558700919),da010118,五条川の桜　と　尾北自然歩道,五条川は四季折々に美しい情景を見せ、尾北自然歩道はこの流れをたどることができます。,岩倉市商工農政課,0587-38-5812,https://www.city.iwakura.aichi.jp/category/3-11-0-0-0.html,"","",システム管理者,2015/01/26 15:48:18,システム管理者,2021/02/22 11:29:34
20,POINT(136.858171637271 35.3492658816735),da010119,曼陀羅寺公園のフジ,フジの開花時期に合わせて曼陀羅寺公園内で藤祭りが開催されます。,江南市役所都市計画課,0587-54-1111,https://www.city.konan.lg.jp/shisetsu/kouen/1002997/1003002.html,"","",システム管理者,2015/01/26 15:48:18,システム管理者,2020/12/07 11:57:42
21,POINT(136.900172547434 35.3745243117333),da010120,木曽川扶桑緑地公園,木曽川河川敷を舞台にした緑地公園。キャンプ場、散策の森などがあり、木曽川の美しい自然を眺めながらの散策に最高です。,木曽川扶桑緑地公園,キャンプ場予約等：0587-93-2441（総合体育館）,http://www.town.fuso.lg.jp/seisaku/shisetsu/011.html,"","",システム管理者,2015/01/26 15:48:18,システム管理者,2021/02/22 11:33:07
22,POINT(136.971878602452 35.3776628920259),da010121,中島池,希少な動植物を保護・回復することを目的として整備され、自然観察することができます。,犬山市役所,0568-61-1800,https://www.city.inuyama.aichi.jp/,"","",システム管理者,2015/01/26 15:48:18,システム管理者,2021/02/22 11:36:09
23,POINT(136.99383529852 35.3366727144682),da010122,入鹿池,江戸時代（1633年）に築造された我が国屈指の農業用ため池。水管理の合理化と用水の安定供給のため度重なる改修が行われ、現在の姿に至っている。,水土里ネット愛知,052-551-3611,http://www.aichi-doren.or.jp/map14.html,"","",システム管理者,2015/01/26 15:48:18,システム管理者,2021/02/22 11:48:32
24,POINT(136.847742320525 35.0737956089592),da010123,藤前干潟,藤前干潟は貴重な自然を残しており、2002年11月、ラムサール条約登録地に指定されました。,稲永ビジターセンター,052-389-5821,http://chubu.env.go.jp/wildlife/fujimae/institution/index.html,"","",システム管理者,2015/01/26 15:48:18,システム管理者,2020/12/07 11:59:05
25,POINT(136.84124275311 35.2164593836986),da010124,清須の自然と歴史,清洲公園や清洲城など、戦国時代の歴史を感じさせてくれます。,清洲城,052-409-7330,http://www.city.kiyosu.aichi.jp/shisetsu_annai/kanko_shisetsu_sonota/index.html,"","",システム管理者,2015/01/26 15:48:18,システム管理者,2021/02/22 11:52:17
26,POINT(136.913232577665 35.2594135968261),da010126,神明公園,「緑」や「水」に親しむ空間、大空への憧れの空間として、子どもから大人まで楽しめる公園です。,神明公園（航空館boon),0568-29-0036,https://www.town.toyoyama.lg.jp/shisetsu/koen/1001011.html,"","",システム管理者,2015/01/26 15:48:18,システム管理者,2020/12/07 11:56:04
27,POINT(136.939140639688 35.3089986012249),da010127,清流亭の藤樹,花房が１．８ｍにおよぶものがあり、４月下旬の開花期には訪れる人の目を楽しませてくれます。,小牧市役所,0568-76-1189,http://www.city.komaki.aichi.jp/admin/soshiki/kyoiku/bunkazai/1_1/2/bunkazai/shiteibunkazai/2/9112.html,"","",システム管理者,2015/01/26 15:48:18,システム管理者,2020/12/07 11:51:20
28,POINT(136.720930618445 35.1743668016679),da020101,天王川公園,津島市の天王川（てんのうがわ）公園は、四季折々の景色が楽しめる憩いの場,津島市役所 建設産業部都市整備課,0567-24-1111,http://www.city.tsushima.lg.jp,"","",システム管理者,2015/01/26 15:48:18,システム管理者,2021/02/22 13:11:14
29,POINT(136.689683909633 35.1614653988226),da020102,ハスの風景,愛西市の水田地域では７～８月にかけてハスの開花風景を見ることができ、自由に観賞できる蓮園（はすえん）も２か所あります。,愛西市観光協会,0567-55-9993,https://www.aisaikankou.jp,"","",システム管理者,2015/01/26 15:48:18,システム管理者,2020/03/19 09:30:02
30,POINT(136.676476632006 35.1380203093312),da020103,船頭平閘門,水位の異なる木曽川と長良川を行き来する船のために造られた水門。,船頭平閘門管理所　木曽川文庫,0594-24-6233,https://www.cbr.mlit.go.jp/kisokaryu/sisetu/bunko.html,"","",システム管理者,2015/01/26 15:48:18,システム管理者,2021/02/22 13:18:55
31,POINT(136.719315201852 35.1044448883581),da020104,水郷の塔,弥富市の景観美を広く親しんでもらうため建てられたシンボルタワー,弥富市役所,0567-65-1111,http://www.city.yatomi.lg.jp/,"","",システム管理者,2015/01/26 15:48:18,システム管理者,2021/02/22 13:22:32
32,POINT(136.784860919401 35.049382775572),da020105,弥富野鳥園,羽を休めている多くの野鳥を観察できる弥富野鳥園,愛知県弥富野鳥園,0567-68-2338, https://www.aichi-park.or.jp/yachou/ ,"","",システム管理者,2015/01/26 15:48:18,システム管理者,2020/03/19 09:39:15
33,POINT(136.769131474854 35.2049941707013),da020106,蓮華寺寺叢,あま市（旧美和町）にある愛知県自然環境保全地域第１号の指定を受けた面積約2.2haの自然林,あま市役所　産業振興課,052-441-7114（直通）,https://www.city.ama.aichi.jp,"","",システム管理者,2015/01/26 15:48:18,システム管理者,2020/03/19 09:39:39
34,POINT(136.798267053859 35.178629093791),da020107,らかんまき,あま市（旧七宝町）の遠島八幡神社にある樹齢３００年を経ている県指定天然記念物,美和歴史民族資料館,052-442-8522,https://www.city.ama.aichi.jp,"","",システム管理者,2015/01/26 15:48:18,システム管理者,2020/03/19 09:40:28
35,POINT(136.816138097129 35.1972698206079),da020108,水辺乃並木道,あま市（旧甚目寺町）の福田川の河川敷を使った並木道,七宝焼アートヴィレッジ,052-443-7588,https://www.city.ama.aichi.jp/,"","",システム管理者,2015/01/26 15:48:18,システム管理者,2021/02/22 13:37:28
36,POINT(136.762963263727 35.1041744077307),da020109,三ツ又池公園,弥富市の三ツ又池は、水郷地帯として市のシンボル的な存在です。,弥富市役所,0567-65-1111,https://www.city.yatomi.lg.jp/,"","",システム管理者,2015/01/26 15:48:18,システム管理者,2021/02/22 13:41:01
37,POINT(136.934956344862 34.8922655294014),da030101,半田運河,船方橋から北へ向かう入江沿いを中心に、黒板囲いの蔵が並び、美しいたたずまいを映しています,半田市観光協会,0569-32-3264,https://www.handa-kankou.com,"","",システム管理者,2015/01/26 15:48:18,システム管理者,2020/03/19 09:45:47
38,POINT(136.851631715439 34.9145521233177),da030103,前山ダム公園,前山ダムの水辺の自然環境を活かした憩いとふれあいの場,常滑市環境経済部農業水産課,0569-35-5111,http://www.city.tokoname.aichi.jp/,"","",システム管理者,2015/01/26 15:48:18,システム管理者,2020/03/19 09:46:39
39,POINT(136.888936600927 34.9609701188901),da030104,佐布里池,早春には２５種類約４６００本の梅が咲き、梅まつりが開催されます。,知多市観光協会,0562-51-5637,https://chita-kanko.com/,"","",システム管理者,2015/01/26 15:48:18,システム管理者,2021/02/22 13:46:57
40,POINT(136.890082961333 34.7888875871006),da030106,美浜町民の森,自然観察とハイキング、体験広場でのデイキャンプが楽しめます,美浜町役場産業建設部産業課,0569-82-1111　内線265,https://www.town.aichi-mihama.lg.jp/,"","",システム管理者,2015/01/26 15:48:18,システム管理者,2020/03/19 09:51:03
41,POINT(136.895565098943 34.8699894340969),da030107,壱町田湿地,県の天然記念物に指定されている植物を夏期の指定日に公開する。,武豊町歴史民俗資料館,0569-73-4100,http://www.town.taketoyo.lg.jp/contents_detail.php?co=cat&frmId=965&frmCd=4-1-1-7-0,"","",システム管理者,2015/01/26 15:48:18,システム管理者,2021/01/18 14:28:35
42,POINT(137.159012780888 34.9575462762634),da040101,岡崎公園,岡崎市のシンボル岡崎城や三河武士のやかた家康館を中心とした歴史と文化の公園,岡崎市都市整備部公園緑地課,0564-23-7406,https://www.city.okazaki.lg.jp/,"","",システム管理者,2015/01/26 15:48:18,システム管理者,2020/12/22 09:05:49
43,POINT(137.39892424287 34.9389613350107),da040102,くらがり渓谷,岡崎市額田地区男川上流の、片麻岩と落葉樹のおりなす景観が見事な自然公園です。,くらがりキャンプセンター,0564-83-2057,"","","",システム管理者,2015/01/26 15:48:18,システム管理者,2021/02/22 13:57:15
44,POINT(137.057231290925 35.0588587104282),da040103,小堤西池のカキツバタ群落,刈谷市北端にあるカキツバタ自生地で、国指定天然記念物（昭和13年8月8日指定）,刈谷市役所文化観光課,0566-27-9652,https://www.kariya-guide.com/,"","",システム管理者,2015/01/26 15:48:18,システム管理者,2020/12/22 09:09:48
45,POINT(137.028542876151 34.9465781051694),da040104,都市に広がる集団農地,安城市の市街地近郊に広がる農地で、優良農地の保全、地域営農システムにより、担い手農家に対し農地の利用集積が進んでいる。,安城市役所産業環境部農務課農政係,0566-71-2233,https://www.city.anjo.aichi.jp/soshiki/sangyoshinkoubu/nomu.html,"","",システム管理者,2015/01/26 15:48:18,システム管理者,2020/12/22 09:12:35
46,POINT(137.041582538284 34.8814869378707),da040105,稲荷山茶園公園,西尾市西部の矢作川に近い、美しい緑のうねが続く茶畑を一望できる高台の公園,西尾市観光協会,0563-57-7882,http://nishiokanko.com/,"","",システム管理者,2015/01/26 15:48:18,システム管理者,2020/03/19 09:58:42
47,POINT(137.047990237941 34.7233969042944),da040106,佐久島,西尾市一色町沖合三河湾の真ん中に浮かぶ漁業の島は、四季を通して楽しめるアウトドアリゾートの拠点。,西尾市佐久島振興課,0563-72-9607,http://www.sakushima.com/,"","",システム管理者,2015/01/26 15:48:18,システム管理者,2021/02/22 14:39:38
48,POINT(137.161736779607 34.8160665070089),da040107,三ヶ根山,旧幡豆町の屋根、三ヶ根山頂からは三河湾の眺望を楽しむことができます。,西尾市観光協会,0563-57-7882,http://nishiokanko.com/,"","",システム管理者,2015/01/26 15:48:18,システム管理者,2020/03/19 10:00:45
49,POINT(137.075239840148 34.8752515422001),da040109,八ツ面山（やつおもてやま）,西尾市街から北東へ２ｋｍ、標高６７ｍの八ツ面山は、三河平野と三河湾が見渡せる絶好の展望台です。中腹には国重要文化財の久麻久（くまく）神社本殿があります。,西尾市建設部公園緑地課,0563-65-2111,https://www.nishio.aichi.jp/,"","",システム管理者,2015/01/26 15:48:18,システム管理者,2021/02/22 14:16:57
50,POINT(137.121304472152 34.8531818431928),da040110,平原（ひらはら）の滝,西尾市東部の山間に古くからある信仰の滝。飲めば長寿に、打たれれば病気も治ると伝えられている。,西尾市観光協会,0563-57-7882,http://nishiokanko.com/,"","",システム管理者,2015/01/26 15:48:18,システム管理者,2020/03/19 10:02:20
51,POINT(137.117716071331 34.8555784289764),da040111,平原（ひらはら）ゲンジボタルの里,西尾市東部丘陵地にあるゲンジボタルの幻想的な光が乱舞する自然観察保護区域,平原ゲンジボタルの里保存会,090-9903-3098,"","","",システム管理者,2015/01/26 15:48:18,システム管理者,2021/02/22 14:19:23
52,POINT(137.062296864803 34.7904552401228),da040114,西尾市吉良町吉田沖の海苔粗朶,海上に点在する海苔粗朶（そだ）の風景は、吉良の海の特徴の1つです。,西尾市観光協会,0563-57-7882,http://nishiokanko.com/,"","",システム管理者,2015/01/26 15:48:18,システム管理者,2020/03/19 10:03:59
53,POINT(137.090772119837 34.7808662802193),da040115,西尾市吉良町宮崎海岸,宮崎・恵比寿海水浴場があり、宿泊施設もあり、泊りで遊べます。,西尾市観光協会,0563-57-7882,http://nishiokanko.com/,"","",システム管理者,2015/01/26 15:48:18,システム管理者,2020/03/19 10:05:46
54,POINT(137.162501985929 34.8153633648218),da040116,三河湾の彼方に沈む夕日,冬でも波静かな旧幡豆町の海岸は、隠れた夕日スポットがいっぱいです。Мy”夕日スポット”を見つけよう。,西尾市観光協会,0563-57-7882,http://nishiokanko.com,"","",システム管理者,2015/01/26 15:48:18,システム管理者,2020/03/19 10:06:56
55,POINT(137.202941996191 34.8551952272542),da040117,遠望峰山（とぼねやま）,幸田町と蒲郡市にまたがる遠望峰山は標高４４３m。山頂からは、幸田町、蒲郡市、三河湾が一望できる。,幸田町役場環境経済部産業振興課商工観光グループ,0564-62-1111(内線261・262）,https://www.town.kota.aichi.jp/,"","",システム管理者,2015/01/26 15:48:18,システム管理者,2020/03/19 10:08:39
56,POINT(137.043611034728 34.775463783401),da040118,三河湾に広がる一色干潟,一色干潟は、西尾市一色町から吉良町の沿岸に広がる三河湾最大の干潟です。,西尾市観光協会,0563-57-7882,http://nishiokanko.com/,"","",システム管理者,2015/01/26 15:48:18,システム管理者,2020/03/19 10:09:21
57,POINT(137.034369843977 34.7263218091648),da040119,「三河湾の黒真珠」佐久島,西尾市一色町佐久島内集落の路地では黒く塗られた板壁が連なり、その風景から佐久島は「三河湾の黒真珠」といわれています。,西尾市役所佐久島振興課,0563-72-9607,http://www.sakushima.com/,"","",システム管理者,2015/01/26 15:48:18,システム管理者,2021/02/22 14:40:17
58,POINT(137.044559795831 34.7172902615827),da040120,「佐久島のお庭」,西尾市一色町佐久島の離れ小島「大島」に渡ると、植樹した梅園の中に「佐久島のお庭」が現われる。,西尾市役所部佐久島振興課,0563-72-9607, http://www.sakushima.com/,"","",システム管理者,2015/01/26 15:48:18,システム管理者,2021/02/22 14:40:40
59,POINT(137.011593743837 34.9064776993354),da040121,油ヶ淵,碧南市にある油が淵は、愛知県で最大規模の自然湖。鯉、鮒、ボラなどの釣りが楽しめます。,碧南市観光協会,0566-95-9894,https//www.hekinan-kanko.jp/,"","",システム管理者,2015/01/26 15:48:18,システム管理者,2020/03/19 10:15:01
60,POINT(136.973183469491 34.8459867175288),da040122,碧南市前浜新田の松並木,碧南市前浜旧堤防に連なる深緑の松,碧南市役所　都市整備課   ,0566-410-3311(441),https://www.city.hekinan.lg.jp/,"","",システム管理者,2015/01/26 15:48:18,システム管理者,2021/02/22 15:08:39
61,POINT(137.234463422141 35.0719693656158),da050101,王滝渓谷,四季折々に変化する山々と渓谷が織りなす、自然美豊かなスポット。,ツーリズムとよた,0565-85-7777,https://www.tourismtoyota.jp/,"","",システム管理者,2015/01/26 15:48:18,システム管理者,2020/06/03 14:43:21
62,POINT(137.120738597746 35.0052980474783),da050102,明治緑道（水車公園）,明治用水の歴史がわかります。,豊田市公園緑地つかう課,0565-34-6621,https://www.city.toyota.aichi.jp/,"","",システム管理者,2015/01/26 15:48:18,システム管理者,2021/02/22 15:27:27
63,POINT(137.178516498434 35.0487029038103),da050103,水源公園,豊田市内最大の桜の名所です。,豊田市公園緑地つかう課,0565-34-6621,https://www.city.toyota.aichi.jp/,"","",システム管理者,2015/01/26 15:48:18,システム管理者,2021/02/22 15:30:06
64,POINT(137.227346614401 35.1009010048398),da050104,鞍ヶ池公園,豊かな自然と四季の移ろいを感じることの出来る公園。,豊田市公園緑地つくる課,0565-80-5310,https://www.city.toyota.aichi.jp/,"","",システム管理者,2015/01/26 15:48:18,システム管理者,2021/02/22 15:37:09
65,POINT(137.188214713392 35.1203857483783),da050105,枝下（しだれ）用水,東海疎水百選にも選ばれた名用水。,水土里ネット豊田（豊田土地改良区）,0565-28-2855,http://toyotochi.org/,"","",システム管理者,2015/01/26 15:48:18,システム管理者,2020/06/01 15:25:36
66,POINT(137.224232129513 35.1174713069988),da050106,鷹見の里（たきみのさと）ビオトープ,身近な地域の自然を守り育てる活動を続けています。,豊田市立上鷹見小学校,0565-41-2017,http://www2.toyota.ed.jp/swas/index.php?id=s_kamitakimi,"","",システム管理者,2015/01/26 15:48:18,システム管理者,""
67,POINT(137.285732017278 35.0617703839146),da050107,六所山（ろくしょさん）,荘厳な空気に満ちた巨木林と多彩な昆虫や野鳥観察が楽しめる山,豊田市こども部次世代育成課,0565-34-6630,https://www.city.toyota.aichi.jp/,"","",システム管理者,2015/01/26 15:48:18,システム管理者,2021/02/22 16:07:16
68,POINT(137.285732017278 35.0617703839146),da050108,焙烙山（ほうろくさん）,豊田市最高峰で、市民が運び上げた石で作られた「２１世紀の城」が昭和６０年１１月に完成しています。,ツーリズムとよた,0565-85-7777,https://www.tourismtoyota.jp/,"","",システム管理者,2015/01/26 15:48:18,システム管理者,2020/06/03 14:57:12
69,POINT(137.170993717769 35.2011664913185),da050109,猿投山・菊石,原生林で森林浴を兼ねたハイキングと菊石の不思議さを見ます。,ツーリズムとよた,0565-85-7777,https://www.tourismtoyota.jp/,"","",システム管理者,2015/01/26 15:48:18,システム管理者,2020/06/03 14:58:25
70,POINT(137.260974154691 35.0505599067575),da050110,松平郷・散策道,５つの自然歩道を踏破してみませんか？,松平観光協会,0565-77-8089,http://www.matudaira-sato.com/index.html,"","",システム管理者,2015/01/26 15:48:18,システム管理者,""
71,POINT(137.195837339875 35.205408853002),da050111,しだれ桜（金剛寺）,樹齢３００年の豪勢な桜の木,藤岡観光協会,0565-76-6108,http://www.fujioka-kanko.com/html/sidaresakura.html,"","",システム管理者,2015/01/26 15:48:18,システム管理者,""
72,POINT(137.247754344288 35.1950456591003),da050112,ふじの回廊,藤岡の花である「ふじ」をテーマにした散策路です。,藤岡観光協会,0565-76-6108,http://www.fujioka-kanko.com/html/fujinokairo.html,"","",システム管理者,2015/01/26 15:48:18,システム管理者,2020/06/01 16:00:30
73,POINT(137.310260885517 35.2447471571136),da050113,四季桜・四季の回廊,小原の文化・歴史・四季折々の豊かな自然に触れることができます,豊田市小原観光協会,0565-65-3808,https://www.kankou-obara.toyota.aichi.jp/,"","",システム管理者,2015/01/26 15:48:18,システム管理者,2020/06/01 15:51:40
74,POINT(137.311523704725 35.1329124462367),da050114,香嵐渓,4000本の紅葉がある渓谷。カタクリ、紅葉の時期は行楽客で一杯になり、夏は川遊びも楽しめます。,豊田市足助観光協会,0565-62-1272,http://asuke.info/,"","",システム管理者,2015/01/26 15:48:18,システム管理者,2021/02/24 09:22:41
75,POINT(137.314041787522 35.1358120877142),da050115,中馬街道,塩の道「中馬街道」で、足助の黄金時代の礎を見ます。,豊田市足助観光協会,0565-62-1272,http://asuke.info/,"","",システム管理者,2015/01/26 15:48:18,システム管理者,2020/06/02 11:05:09
76,POINT(137.392653661363 35.1030493650466),da050116,田之士里湿原,美しくかわいい可憐な花の見学をどうぞ。,西三河県民事務所　豊田加茂環境保全課,0565-32-7494,"","","",システム管理者,2015/01/26 15:48:18,システム管理者,2021/02/24 09:36:21
77,POINT(137.315683778376 35.1335925066321),da050117,カタクリ,香嵐渓の飯盛山麓の北面斜面に、約５，０００㎡の大群落をつくって咲く。,豊田市足助観光協会,0565-62-1272,http://asuke.info/,"","",システム管理者,2015/01/26 15:48:18,システム管理者,2021/02/24 09:48:20
78,POINT(137.375562815749 35.0768926573756),da050118,三河高原,高原牧場でのんびり草を食べている牛の見学。,香恋の里しもやま観光協会,0565-90-2530,http://www.karen-shimoyama.jp/spot3_139.html,"","",システム管理者,2015/01/26 15:48:18,システム管理者,2020/06/02 11:12:31
79,POINT(137.405338860654 35.0331528299527),da050119,三河湖,春は山ツツジ、夏はカジカガエルが鳴き、秋は紅葉が楽しめます。,香恋の里しもやま観光協会,0565-90-2530,http://www.karen-shimoyama.jp/spot3_183.html,"","",システム管理者,2015/01/26 15:48:18,システム管理者,2020/06/02 11:14:43
80,POINT(137.363597305544 35.0669425173697),da050120,もみじ街道（加茂広域農道）,秋の紅葉を楽しみながら、爽やかなドライブ,豊田市役所下山支所,0564-86-2111,"","","",システム管理者,2015/01/26 15:48:18,システム管理者,""
81,POINT(137.358341372124 35.0276831283824),da050121,羽佐の窪渓谷,三河湖の近く、爽やかな渓流の水が流れる,香恋の里しもやま観光協会,0565-90-2530,http://www.karen-shimoyama.jp/index.html,"","",システム管理者,2015/01/26 15:48:18,システム管理者,2020/06/03 13:56:16
82,POINT(137.420025302874 35.0829378423604),da050122,保殿の七滝（ほでんのななたき）,野原川の上流で、随所に七つの滝がある,香恋の里しもやま観光協会,0565-90-2530,http://www.karen-shimoyama.jp/spot3_140.html,"","",システム管理者,2015/01/26 15:48:18,システム管理者,2021/02/24 10:09:29
83,POINT(137.413602569473 35.196786188735),da050123,東海自然歩道,小鳥のさえずりと爽やかな風を感じながら、心地よいハイキング,豊田市役所旭支所,0565-68-2211,"","","",システム管理者,2015/01/26 15:48:18,システム管理者,""
84,POINT(137.324881124122 35.1968444583702),da050124,お須原山縁結び岩,縁結びの願を届けてみませんか。,豊田市旭観光協会,0565-68-3653,http://www.kankou-asahi.toyota.aichi.jp/,"","",システム管理者,2015/01/26 15:48:18,システム管理者,2021/02/24 13:48:05
85,POINT(137.360609403121 35.2034000795943),da050125,貞観杉,１０００年以上、森を見守り続けてきた森の神様に会いに行こう。,豊田市旭観光協会,0565-68-3653,http://www.kankou-asahi.toyota.aichi.jp/,"","",システム管理者,2015/01/26 15:48:18,システム管理者,2020/06/03 14:04:22
86,POINT(137.384040049286 35.2422303014234),da050126,時瀬大いちょう,県下最大の大いちょう。３００年の歴史を感じてみませんか。,豊田市旭観光協会,0565-68-3653,http://www.kankou-asahi.toyota.aichi.jp/,"","",システム管理者,2015/01/26 15:48:18,システム管理者,2020/06/03 14:05:53
87,POINT(137.444763089305 35.2273405031071),da050127,黒谷渓谷,閑静で神秘的な美しさを持つ渓谷,豊田市旭観光協会,0565-68-3653,http://www.kankou-asahi.toyota.aichi.jp/,"","",システム管理者,2015/01/26 15:48:18,システム管理者,2020/06/03 14:07:22
88,POINT(137.384912702932 35.19881545036),da050128,押井磨崖仏（おしいまがいぶつ）,自然の岸壁に彫り込まれた、自然の仏様,豊田市旭観光協会,0565-68-3653,http://www.kankou-asahi.toyota.aichi.jp/,"","",システム管理者,2015/01/26 15:48:18,システム管理者,2020/06/03 14:08:35
89,POINT(137.422454580846 35.2180327768616),da050129,奥矢作湖,矢作ダムの完成でできた人造湖,豊田市旭観光協会,0565-68-3653,http://www.kankou-asahi.toyota.aichi.jp/,"","",システム管理者,2015/01/26 15:48:18,システム管理者,2020/06/03 14:09:56
90,POINT(137.543982434661 35.2025979428715),da050130,面の木原生林,天竜奥三河高原国定公園の一角にあり、大自然の景観は絶景。真冬には樹氷が見られます。,いなぶ観光協会,0536-86-3200,https://www.inabu-kankou.com/inabuarticle/393,"","",システム管理者,2015/01/26 15:48:18,システム管理者,2021/02/24 14:35:15
91,POINT(137.509888697495 35.2094511462634),da050131,名倉川遊歩道,清流名倉川の両岸を歩いて、紅葉と豊かな動植物を楽しみましょう。,いなぶ観光協会,0536-86-3200,https://www.inabu-kankou.com/,"","",システム管理者,2015/01/26 15:48:18,システム管理者,2020/06/03 14:25:37
92,POINT(137.486108978746 35.2513337682383),da050132,押川大滝,稲武の豊かな水の原点を見てみよう。,いなぶ観光協会,0536-86-3200,https://www.inabu-kankou.com/inabuarticle/400,"","",システム管理者,2015/01/26 15:48:18,システム管理者,2021/02/24 14:38:25
93,POINT(137.510943273257 35.2146945128198),da050133,夏焼城ヶ山の花々,稲武地区　夏焼城ヶ山の登山コースで見られる四季の花々,いなぶ観光協会,0536-86-3200,https://www.inabu-kankou.com/,"","",システム管理者,2015/01/26 15:48:18,システム管理者,2021/02/24 14:42:36
94,POINT(137.509765597166 35.2141299511014),da050134,しだれ桜（瑞龍寺）,稲武地区の桜の名所,いなぶ観光協会,0536-86-3200,https://www.inabu-kankou.com/inabuarticle/367,"","",システム管理者,2015/01/26 15:48:18,システム管理者,2021/02/24 14:45:56
95,POINT(137.509888697495 35.2094511462634),da050135,大井平公園,稲武地区の紅葉の名所,いなぶ観光協会,0536-86-3200,https://www.inabu-kankou.com/inabuarticle/82,"","",システム管理者,2015/01/26 15:48:18,システム管理者,2021/02/24 14:48:35
96,POINT(137.240887750281 35.0343204073274),da050136,二畳ケ滝,落差３０ｍ、巾７ｍ岡崎市との境にあります。激流が二層になり流れ落ちます。,ツーリズムとよた,0565-85-7777,https://www.tourismtoyota.jp/,"","",システム管理者,2015/01/26 15:48:18,システム管理者,2020/06/03 14:41:51
97,POINT(137.198197800037 35.0893373505268),da050137,自然観察の森,昆虫、小動物、鳥やかわいい花が見られる市街地に近い森です。,豊田市自然観察の森,0565-88-1310,https://toyota-shizen.org/,"","",システム管理者,2015/01/26 15:48:18,システム管理者,2020/06/03 15:02:07
98,POINT(137.23751106631 35.0712374389575),da050138,天下峯,松平親氏が山頂で天下泰平を祈願したと伝えられる景色のよい場所です。,ツーリズムとよた,0565-85-7777,https://www.tourismtoyota.jp/,"","",システム管理者,2015/01/26 15:48:18,システム管理者,2020/06/03 15:04:01
99,POINT(137.23751106631 35.0712374389575),da050139,巴川（ともえがわ）おう穴,河床約２００ｍに約１５０個のおう穴が見られます。,ツーリズムとよた,0565-85-7777,https://www.tourismtoyota.jp/,"","",システム管理者,2015/01/26 15:48:18,システム管理者,2020/06/03 15:05:20
100,POINT(137.117832714824 35.0463768856245),da050140,竹村駅近くのビオトープ　（豊田市竹町上沖）,６月には蓮の花等が美しく咲き、田んぼの生き物も観察できます。,なし,"","","","",システム管理者,2015/01/26 15:48:18,システム管理者,""
101,POINT(137.056385517367 35.043740369575),da050141,阿知和池,池周辺の遊歩道と蓮の花を楽しむ。交通量が多い中のやすらぎ場です。,なし,"","","","",システム管理者,2015/01/26 15:48:18,システム管理者,""
102,POINT(137.543982434661 35.2025979428715),da050142,黒田ダム,四季の景色とともに、ゆっくりとした時間を感じることができます。,いなぶ観光協会,0565-83-3200,https://www.inabu-kankou.com/inabuarticle/422,"","",システム管理者,2015/01/26 15:48:18,システム管理者,2021/02/24 15:08:02
103,POINT(137.53977262787 35.2618170785257),da050143,子持ち桂,県の天然記念物。１株から５０数本にも分かれ子宝に恵まれる説も。,いなぶ観光協会,0565-83-3200,https://www.inabu-kankou.com/inabuarticle/411,"","",システム管理者,2015/01/26 15:48:18,システム管理者,2021/02/24 15:10:42
104,POINT(137.5050502646 34.8944584157228),da060101,桜淵公園,新城市指定名勝であり、桜渕県立自然公園に指定されています。三河の嵐山といわれ、桜と渓谷が綺麗な公園です。,新城市観光協会,0536-29-0829,http://shinshirokankou.com,"","",システム管理者,2015/01/26 15:48:18,システム管理者,2021/02/24 15:17:03
105,POINT(137.546295407497 34.9412135092217),da060102,鮎滝,新城市指定名勝であり、江戸時代からの続く鮎の「笠網漁」が行われている場所です。出沢地区にあります。,新城市観光協会,0536-29-0829,http://shinshirokankou.com/,"","",システム管理者,2015/01/26 15:48:18,システム管理者,2021/02/24 15:20:43
106,POINT(137.568349854841 35.0500938452597),da060103,四谷（よつや）の千枚田,新城市四谷にあります。標高差約２１０ｍにわたる千枚田であり、古き良き日本の原風景です。日本の棚田百選に選ばれています。,新城市 鳳来総合支所 地域課,0536-22-9931,https://www.city.shinshiro.lg.jp/kanko/meisyo/senmaida.html,"","",システム管理者,2015/01/26 15:48:18,システム管理者,2021/02/24 15:25:34
107,POINT(137.586237591384 34.9788537710646),da060104,鳳来寺山,新城市にあります。標高６９５ｍ、紅葉の名所でもある国指定名勝、天然記念物です。,新城市 教育部 生涯共育課 設楽原歴史資料館,0536-22-0673 ,https://www.city.shinshiro.lg.jp/kanko/meisyo/horaijisan.html,"","",システム管理者,2015/01/26 15:48:18,システム管理者,2021/02/24 15:30:41
108,POINT(137.645435664902 34.9505991371444),da060105,阿寺の七滝（あてらのななたき）,新城市下吉田（阿寺地区）にある全長６２ｍの滝で、国指定名勝です。日本の滝百選に選ばれています。,新城市観光協会,0536-29-0829,http://shinshirokankou.com/,"","",システム管理者,2015/01/26 15:48:18,システム管理者,2021/02/24 15:38:38
109,POINT(137.664392171667 35.0218918397955),da060106,乳岩峡（ちいわきょう）,新城市川合にあります。 鍾乳石などがある国指定天然記念物（昭和９年）の景勝地です。,新城市 教育部 生涯共育課 設楽原歴史資料館,0536-22-0673 ,https://www.city.shinshiro.lg.jp/kanko/meisyo/chiiwa.html,"","",システム管理者,2015/01/26 15:48:18,システム管理者,2021/02/24 15:44:13
110,POINT(137.613984702214 34.967585535315),da060107,馬背岩（うまのせいわ）,新城市の湯谷温泉付近の宇連川にある奇岩です。 文字どおり、馬の背の形をした岩で、国指定天然記念物です。,新城市 教育部 生涯共育課 設楽原歴史資料館,0536-22-0673,https://www.city.shinshiro.lg.jp/kanko/meisyo/umanoseiwa.html,"","",システム管理者,2015/01/26 15:48:18,システム管理者,2021/02/24 15:48:54
111,POINT(137.576561643508 34.858999306567),da060108,黄柳野（つげの）つげ自生地,新城市黄柳野にある国指定天然記念物です。,新城市 教育部 生涯共育課 設楽原歴史資料館,0536-22-0673,https://www.city.shinshiro.lg.jp/kanko/dobutsu-syokubutsu/tsugeno.html,"","",システム管理者,2015/01/26 15:48:18,システム管理者,2021/02/24 15:56:12
112,POINT(137.575124339461 34.9707423786913),da060109,ネズの樹,新城市門谷にある県指定天然記念物です。,新城市教育委員会設楽原歴史資料館,0536-22-0673,https://www.city.shinshiro.lg.jp/,"","",システム管理者,2015/01/26 15:48:18,システム管理者,2021/02/24 15:59:33
113,POINT(137.614280015931 34.9030389312841),da060110,満光寺（まんこうじ）庭園,新城市下吉田にある江戸時代中期の庭園で県指定名勝です。,新城市教育委員会設楽原歴史資料館,0536-22-0673,https://www.city.shinshiro.lg.jp/,"","",システム管理者,2015/01/26 15:48:18,システム管理者,2021/02/24 16:08:23
114,POINT(137.503828568711 35.0557171079687),da060111,鳴沢（なるさわ）の滝,新城市指定名勝であり、愛知県でも最大級の滝です。新城市作手守義にあります。,新城市観光協会,0536-29-0829,https://shinshirokankou.com,"","",システム管理者,2015/01/26 15:48:18,システム管理者,2021/02/24 16:11:39
115,POINT(137.45519073553 35.0007449683226),da060112,長ノ山（ながのやま）湿原,環境省が選定した日本の重要湿地５００の一つ「作手中間湿原群」を構成する代表的な湿原で、県指定天然記念物に指定されています。,新城市 教育部 生涯共育課 設楽原歴史資料館,0536-22-0673,https://www.city.shinshiro.lg.jp/kanko/meisyo/naganoyama.html,"","",システム管理者,2015/01/26 15:48:18,システム管理者,2021/02/24 16:16:00
116,POINT(137.424714706974 34.9315622301144),da060113,保永の三滝（やすながのさんたき）,新城市作手保永にあり、奇岩と深緑で代表される景観美です。,(一社）奥三河観光協議会,0536-29-9393,http://www.okuminavi.jp/,"","",システム管理者,2015/01/26 15:48:18,システム管理者,2020/06/04 10:49:46
117,POINT(137.42782934744 34.8781245885046),da060114,本宮山,新城市、岡崎市、豊川市にまたがり、山頂から麓にかけて見事な樹林が続く三河の名山です。,新城市 教育部 生涯共育課 設楽原歴史資料館,0536-22-0673,https://www.city.shinshiro.lg.jp/kanko/meisyo/motomiyazan.html,"","",システム管理者,2015/01/26 15:48:18,システム管理者,2021/02/25 14:00:43
118,POINT(137.442172521013 34.9736589359519),da060115,甘泉寺（かんせんじ）のコウヤマキ,新城市作手地区にある国指定天然記念物で新・日本名木百選に選ばれています。,新城市 教育部 生涯共育課 設楽原歴史資料館,0536-22-0673,https://www.city.shinshiro.lg.jp/kanko/dobutsu-syokubutsu/koyamaki.html,"","",システム管理者,2015/01/26 15:48:18,システム管理者,2021/02/25 14:06:29
119,POINT(137.413956096001 34.9649032450238),da060116,須山のイヌツゲ,新城市作手清岳にある県指定天然記念物です。,新城市 教育部 生涯共育課 設楽原歴史資料館,0536-22-0673,https://www.city.shinshiro.lg.jp/kanko/dobutsu-syokubutsu/inutsuge.html,"","",システム管理者,2015/01/26 15:48:18,システム管理者,2021/02/25 14:08:49
120,POINT(137.600764720377 35.0874105814041),da060117,岩古谷山（いわこやさん・いわごやさん）,北設楽郡設楽町にある県指定名勝で、ハイキングコースとなっています。,設楽町観光協会,0536-62-1000,https://www.kankoshitara.jp/,"","",システム管理者,2015/01/26 15:48:18,システム管理者,2020/06/04 10:50:31
121,POINT(137.470227942665 35.1327540622208),da060118,きららの森（段戸裏谷（だんとうらだに）原生林）,北設楽郡設楽町にあり、豊川の源流部に広がる県内最大級のブナの原生林です。水源の森百選に選ばれています。,設楽町観光協会,0536-62-1000,https://www.kankoshitara.jp/,"","",システム管理者,2015/01/26 15:48:18,システム管理者,2020/06/04 10:50:49
122,POINT(137.570339672508 35.0980085846442),da060119,福田寺（ふくでんじ）のイヌグス,北設楽郡設楽町田口にあり、県指定天然記念物です。,設楽町観光協会,0536-62-1000,https://www.kankoshitara.jp/,"","",システム管理者,2015/01/26 15:48:18,システム管理者,2020/06/04 10:51:05
123,POINT(137.590996412709 35.1895517840144),da060120,面ノ木（めんのき）園地,豊田市と北設楽郡設楽町津具地区の境に有り、秋の紅葉、冬の霧氷など四季を通じて山の自然を楽しめます。,設楽町観光協会,0536-62-1000,https://www.kankoshitara.jp/,"","",システム管理者,2015/01/26 15:48:18,システム管理者,2020/06/04 10:51:31
124,POINT(137.707090811751 35.0743270055442),da060121,蔦の渕（つたのふち）,北設楽郡東栄町のとうえい温泉横にあり、奥三河のナイアガラとも呼ばれています。,東栄町役場　振興課,0536-76-0502,http://www.town.toei.aichi.jp/,"","",システム管理者,2015/01/26 15:48:18,システム管理者,2021/02/25 14:19:22
125,POINT(137.664733800347 35.0493037336459),da060123,明神山（みょうじんさん・みょうじんやま）,北設楽郡東栄町にあり、変化に富んだ登山道として人気のハイキングコースです。,東栄町役場　振興課,0536-76-0502,http://www.town.toei.aichi.jp/,"","",システム管理者,2015/01/26 15:48:18,システム管理者,2020/06/04 10:51:51
126,POINT(137.659244978373 35.2228897864354),da060124,茶臼山高原,北設楽郡豊根村にあり、愛知県唯一のスキー場があります。夏涼しく四季を通じて遊べる場所です。,（一財）茶臼山高原協会,0536-87-2345,http://www.chausuyama.jp/,"","",システム管理者,2015/01/26 15:48:18,システム管理者,2020/06/04 10:52:08
127,POINT(137.657788737169 35.2145664912605),da060125,茶臼山の芝桜,北設楽郡豊根村　茶臼山高原から見える南アルプスと川の流れをイメージした芝桜の花畑です。,（一財）茶臼山高原協会,0536-87-2345,http://www.chausuyama.jp/ ,"","",システム管理者,2015/01/26 15:48:18,システム管理者,2020/06/04 10:52:23
128,POINT(137.449979037387 34.7465645178968),da070101,葦毛湿原（いもうしつげん）と豊橋自然歩道,希少な植物の宝庫の葦毛湿原と気軽に楽しめるハイキングコース,豊橋市役所産業部観光振興課,0532-51-2430,https://www.city.toyohashi.lg.jp/3956.htm,"","",システム管理者,2015/01/26 15:48:18,システム管理者,2020/06/04 10:58:53
129,POINT(137.478334759257 34.8576319698401),da070102,吉祥山（きちじょうさん）,吉祥山に登ろう！豊かな自然が見られる気軽なハイキングコース。,豊橋市役所　産業部農業支援課,0532-51-2477,https://www.city.toyohashi.lg.jp/7514.htm,"","",システム管理者,2015/01/26 15:48:18,システム管理者,2020/06/04 11:02:33
130,POINT(137.352641046528 34.8523990400655),da070103,四季の森,自然観察や森林浴を楽しむことができる散策路や展望台があります。,豊川市ふれあいセンター（ゆうあいの里）,0533-88-7270,http://www.city.toyokawa.lg.jp/,"","",システム管理者,2015/01/26 15:48:18,システム管理者,2020/06/04 11:07:53
131,POINT(137.318429163748 34.8438823380534),da070104,東海道御油（ごゆ）の松並木,東海道で現存する松並木の中では代表的なもので、昭和１９年に国の天然記念物に指定されています。,豊川市観光協会,0533-89-2206,https://www.toyokawa-map.net/,"","",システム管理者,2015/01/26 15:48:18,システム管理者,2021/02/25 14:31:54
132,POINT(137.424864540381 34.8745339803651),da070105,本宮山（宝円寺のシダレザクラ、牛の滝）,本宮山登山の出発点であるほか、自然と歴史に触れ合えるハイキングコース「ふるさと自然のみち」の出発点になる施設です。,豊川市観光協会・豊川市産業環境部商工観光課,0533-89-2206,https://www.toyokawa-map.net/,"","",システム管理者,2015/01/26 15:48:18,システム管理者,2021/02/25 14:44:24
133,POINT(137.290738610433 34.8485384077697),da070106,宮路山（みやじさん）,標高３６２mの山頂から三河湾を望む。秋は紅葉が見事。,豊川市観光協会・豊川市産業環境部商工観光課,0533-89-2206,https://www.toyokawa-map.net/,"","",システム管理者,2015/01/26 15:48:18,システム管理者,2021/02/25 14:44:51
134,POINT(137.31190033409 34.8185041336294),da070107,御津山（みとやま）,標高９４ｍ余りの山で、家康公が大恩寺に寺領として全山を与えたことから大恩寺山とも呼ばれている。,豊川市観光協会・豊川市産業環境部商工観光課,0533-89-2206,https://www.city.toyokawa.lg.jp/,"","",システム管理者,2015/01/26 15:48:18,システム管理者,2021/02/25 14:46:24
135,POINT(137.322054461837 34.7888141564061),da070108,三河臨海緑地「日本列島」,日本列島のミニチュアを庭園風に創り上げ、回遊散策ができる。,愛知県三河港務所,0532-31-4155,https://www.pref.aichi.jp/kensetsu-somu/mikawa-komu/,"","",システム管理者,2015/01/26 15:48:18,システム管理者,2021/02/25 14:50:57
136,POINT(137.366404974525 34.7963040516272),da070109,とんぼ公園（ビオトープ）,多くの種類のとんぼが同居する公園。シオカラトンボ・ショウジョウトンボ・ノシメトンボ・ギンヤンマ・アオモンイトトンボ等がいます。,"","","","","",システム管理者,2015/01/26 15:48:18,システム管理者,""
137,POINT(137.274639774066 34.8301992869162),da070110,蒲郡さがらの森,里山、自然景観等の自然休養の場として優れた森林です。,蒲郡市役所スポーツ推進課,0533-66-1222,https://www.city.gamagori.lg.jp/unit/sports/sagara.html,"","",システム管理者,2015/01/26 15:48:18,システム管理者,2021/02/25 14:58:44
138,POINT(137.176852908972 34.8041843864022),da070112,双太山公園（そうだやま）,蒲郡市形原町にある市の公園です。 地場産業のロープを使った遊具もあります。,蒲郡市役所都市開発部都市計画課,0533-66-1141,http://www.city.gamagori.lg.jp/unit/keikaku/soudayamakouen.html,"","",システム管理者,2015/01/26 15:48:18,システム管理者,""
139,POINT(137.190326450942 34.7955641410057),da070113,ブルーブリッジ,正式名は、形原漁港大橋です。 橋の欄干等の色が青色をしていることから、つけられました。,愛知県三河港務所　蒲郡出張所,0533-69-5381,https://www.pref.aichi.jp/soshiki/mikawa-komu/,"","",システム管理者,2015/01/26 15:48:18,システム管理者,2021/02/25 15:44:40
140,POINT(137.23206329707 34.8114874379111),da070114,竹島,蒲郡市竹島町の三河湾に浮かぶ無人島で、昭和5年に島全体が国の天然記念物に指定されています。,蒲郡市観光協会,0533-68-2526,http://www.gamagori.jp/,"","",システム管理者,2015/01/26 15:48:18,システム管理者,""
141,POINT(137.021225599752 34.5812696478333),da070115,伊良湖岬灯台・恋路ヶ浜・日出の石門（ひいのせきもん）,渥美半島の最先端、海の絶景がここに広がります。,渥美半島観光ビューロー,0531-23-3516,https://www.taharakankou.gr.jp/,"","",システム管理者,2015/01/26 15:48:18,システム管理者,2021/02/25 15:48:16
142,POINT(137.216043283285 34.6160823838129),da070116,太平洋ロングビーチ,サーフィンのメッカとして年中にぎわいます。,渥美半島観光ビューロー,0531-23-3516,https://www.taharakankou.gr.jp/,"","",システム管理者,2015/01/26 15:48:18,システム管理者,2021/02/25 15:49:48
143,POINT(137.251402433328 34.6756177457686),da070117,衣笠（きぬがさ）の森,子供から大人まで幅広く自分にあった森林浴、山歩きが楽しめる森林として親しまれています。,田原市役所（街づくり推進課）,0531-22-1111,http://www.city.tahara.aichi.jp/,"","",システム管理者,2015/01/26 15:48:18,システム管理者,2021/02/26 13:43:15
144,POINT(137.041484755812 34.6131793164766),da070118,西ノ浜海浜の森,三河湾に面した松林の中にある、飛砂防止機能を高度に有した松林です。,田原市役所（街づくり推進課）,0531-22-1111,http://www.city.tahara.aichi.jp/,"","",システム管理者,2015/01/26 15:48:18,システム管理者,2021/02/26 13:45:05
145,POINT(137.089353305476 34.603058782009),da070119,渥美の森,森林浴、森林レクリェーションの場として優れた森林です。,田原市役所（街づくり推進課）,0531-22-1111,http://www.city.tahara.aichi.jp/,"","",システム管理者,2015/01/26 15:48:18,システム管理者,2021/02/26 13:45:39
146,POINT(137.218239477569 34.6231043935545),da070120,赤羽根文化の森,四季の森、野鳥の森、自然の森、郷土の森。四つのブロックに分けられた森を楽しめます。,田原市役所（街づくり推進課）,0531-22-1111,http://www.city.tahara.aichi.jp/,"","",システム管理者,2015/01/26 15:48:18,システム管理者,2021/02/26 13:57:17
147,POINT(137.1508957147 34.6304166608078),da070121,シデコブシ自生地　(椛、伊川津、藤七原、黒河）,シデコブシは自生地が伊勢湾周辺に限定された珍しい植物です。,田原市役所　教育部　文化財課,0531-22-1720　,http://www.city.tahara.aichi.jp/,"","",システム管理者,2015/01/26 15:48:18,システム管理者,2021/02/26 13:58:08
148,POINT(137.1508957147 34.6304166608078),da070121,シデコブシ自生地　(椛、伊川津、藤七原、黒河）,シデコブシは自生地が伊勢湾周辺に限定された珍しい植物です。,田原市役所　教育部　文化財課,0531-22-1720,http://www.city.tahara.aichi.jp/,"","",システム管理者,2015/01/26 15:48:18,システム管理者,2021/02/26 14:03:05
149,POINT(137.24282138223 34.6714583777034),da070121,シデコブシ自生地　(椛、伊川津、藤七原、黒河）,シデコブシは自生地が伊勢湾周辺に限定された珍しい植物です。,田原市役所　教育部　文化財課,0531-22-1720,http://www.city.tahara.aichi.jp/,"","",システム管理者,2015/01/26 15:48:18,システム管理者,2021/02/26 14:03:34
151,POINT(137.055360190435 34.5848305515049),da070124,ハマボウ、ハマカンゾウ,ハマボウ、ハマカンゾウともに海岸付近に自生する夏の花です。,渥美半島観光ビューロー,0531-23-3516,https://www.taharakankou.gr.jp/,"","",システム管理者,2015/01/26 15:48:18,システム管理者,2020/06/04 11:38:37
152,POINT(137.025404087367 34.5855117674924),da070125,キャベツ畑・菜の花畑,見渡す限りのキャベツ畑は見事。菜の花畑は「常春の渥美半島」を実感させてくれます。,渥美半島観光ビューロー,0531-23-3516,https://www.taharakankou.gr.jp/,"","",システム管理者,2015/01/26 15:48:18,システム管理者,2020/06/04 11:38:03
153,POINT(137.037246012027 34.59013173794),da070125,キャベツ畑・菜の花畑,見渡す限りのキャベツ畑は見事。菜の花畑は「常春の渥美半島」を実感させてくれます。,渥美半島観光ビューロー,0531-23-3516,https://www.taharakankou.gr.jp/,"","",システム管理者,2015/01/26 15:48:18,システム管理者,2020/06/04 11:39:22
154,POINT(137.241968086919 34.6449450844178),da070128,黒河湿地（くろがわしっち）植物群落,シデコブシなどの貴重な植物が数多く群生しています。,田原市役所　教育部　文化財課,0531-22-1720　,http://www.city.tahara.aichi.jp/shisetsu/kankou/1002461.html,"","",システム管理者,2015/01/26 15:48:18,システム管理者,2020/06/04 11:41:50
156,POINT(136.8590901164 35.298500192437),da010101,一宮桜まつり（青木川）,桜を中心とした祭りです。,一宮市経済部商工観光課,0586-28-9131,https://www.city.ichinomiya.aichi.jp/shisei/keizai/1010115/1000007/1004941.html,"","",システム管理者,2015/01/26 15:48:18,システム管理者,2020/06/17 10:26:12
157,POINT(136.808283409632 35.3052562004422),da010101,一宮桜まつり（大江川緑道）,桜を中心とした祭りです。,一宮市経済部商工観光課,0586-28-9131,https://www.city.ichinomiya.aichi.jp/shisei/keizai/1010115/1000007/1004941.html,"","",システム管理者,2015/01/26 15:48:18,システム管理者,2020/06/17 10:26:36
158,POINT(136.80671339584 35.3568036512871),da010101,一宮桜まつり（木曽川堤）,桜を中心とした祭りです。,一宮市経済部商工観光課,0586-28-9131,https://www.city.ichinomiya.aichi.jp/shisei/keizai/1010115/1000007/1004941.html,"","",システム管理者,2015/01/26 15:48:18,システム管理者,2020/06/17 10:27:11
159,POINT(136.823109526953 35.3305390094773),da010101,一宮桜まつり（浅井山公園）,桜を中心とした祭りです。,一宮市経済部商工観光課,0586-28-9131,https://www.city.ichinomiya.aichi.jp/shisei/keizai/1010115/1000007/1004941.html,"","",システム管理者,2015/01/26 15:48:18,システム管理者,2020/06/17 10:27:56
160,POINT(136.749066796447 35.3162257917811),da010101,一宮桜まつり（尾西緑道）,桜を中心とした祭りです。,一宮市経済部商工観光課,0586-28-9131,https://www.city.ichinomiya.aichi.jp/shisei/keizai/1010115/1000007/1004941.html,"","",システム管理者,2015/01/26 15:48:18,システム管理者,2020/06/17 10:29:06
161,POINT(136.794480391129 35.305827475839),da010101,一宮桜まつり（稲荷公園）,桜を中心とした祭りです。,一宮市経済部商工観光課,0586-28-9131,https://www.city.ichinomiya.aichi.jp/shisei/keizai/1010115/1000007/1004941.html,"","",システム管理者,2015/01/26 15:48:18,システム管理者,2020/06/17 10:28:15
162,POINT(136.840779325177 35.2169809702651),da010125,五条川の桜（清須）,五条川堤防に桜並木があり、周囲の景色との彩りが美しい。,清須市役所,052-400-2911,http://www.city.kiyosu.aichi.jp/,"","",システム管理者,2015/01/26 15:48:18,システム管理者,2020/12/07 12:01:01
163,POINT(136.91116810145 34.9106983044027),da030102,矢勝川堤に咲く百万本の彼岸花,矢勝川の堤に百万本が咲く日本有数の彼岸花群生地。,新美南吉記念館,0569-26-4888,http://www.nankichi.gr.jp,"","",システム管理者,2015/01/26 15:48:18,システム管理者,""
164,POINT(136.999496389494 34.7034345655497),da030109,干ダコ,日間賀島の珍風物詩,南知多町観光協会,0569-65-0711,http://minamichita-kk.com/,"","",システム管理者,2015/01/26 15:48:18,システム管理者,2020/06/17 10:46:15
165,POINT(137.665175554677 35.0768953809687),da060122,振草（ふりくさ）渓谷,北設楽郡東栄町を流れる川にあります。ポットホールを多数見ることができます。日本の紅葉百選に選ばれています。,東栄町役場　振興課,0536-76-0502,http://www.town.toei.aichi.jp/,"","",システム管理者,2015/01/26 15:48:18,システム管理者,2020/06/17 10:55:27
166,POINT(137.762715108158 35.0996854255568),da060122,大入（おおにゅう）渓谷,北設楽郡東栄町を流れる川にあります。ポットホールを多数見ることができます。日本の紅葉百選に選ばれています。,東栄町役場　振興課,0536-76-0502,http://www.town.toei.aichi.jp/,"","",システム管理者,2015/01/26 15:48:18,システム管理者,2020/06/17 10:56:14
167,POINT(137.199815889416 34.8320186364827),da070111,早春の西迫町（にしばさまちょう）,つま物用に栽培されている、桜・桃・菜の花が早春の集落を彩る,蒲郡市役所観光商工課,0533-66-1120,https://www.city.gamagori.lg.jp/,"","",システム管理者,2015/01/26 15:48:18,システム管理者,2020/06/17 11:14:42
168,POINT(137.018795506258 34.5809061140886),da070122,渡り鳥,伊良湖岬では毎年秋に、南へ飛び立つタカの大群が見られます。,渥美半島観光ビューロー,0531-23-3516,http://www.taharakankou.gr.jp/,"","",システム管理者,2015/01/26 15:48:18,システム管理者,2020/06/17 11:18:43
169,POINT(136.932568321917 34.727079245345),da030105,国営農地開発事業南知多地区,丘陵地帯に農地造成された広大な畑に様々な農作物が栽培されています。,南知多町役場建設経済部産業振興課,0569-65-0711,https://www.town.minamichita.lg.jp/,"","",システム管理者,2015/01/26 15:48:18,システム管理者,2021/02/26 15:17:47
170,POINT(137.383028516676 34.7633887675432),da070129,路面電車,日本では珍しい道路を走る電車です。,"","","","","",システム管理者,2015/01/26 15:48:18,システム管理者,""
171,POINT(137.08305532389 34.9672897704579),da040108,明治用水,明治用水は、矢作川から取水され安城市を中心に西三河南部を潤す農工業用水路です。今はほとんどが管水路化され、自転車道や遊歩道として地域の人びとに親しまれています。,水土里ネット明治用水【明治用水土地改良区】,0566-76-6241,http://midorinet-meiji.jp/,"","",システム管理者,2015/01/26 15:48:18,システム管理者,2020/06/17 11:29:03
172,POINT(137.027255196074 35.2212605732742),da010109,長池,長池周辺はウォーキングコースになっています。,尾張旭市都市整備課公園緑地係,0561-76-8161,http://www.city.owariasahi.lg.jp/kurasi/seikatu/park/shiroyama/001.html,"","",システム管理者,2015/01/26 15:48:18,システム管理者,2020/06/17 11:39:57
173,POINT(137.233840067986 34.8458606217635),da070123,清田の大クス,樹齢推定1000年以上、樹高22メートル、根回り13.6メートル。愛知県内最大です。,蒲郡市観光協会,0533-68-2526,https://www.gamagori.jp/spot/839,"","",システム管理者,2015/01/26 15:48:18,システム管理者,2021/02/26 15:24:16
174,POINT(137.020185942097 34.5836304250503),da070127,（日本の道百選）渥美サイクリングロード,渥美半島の太平洋側には、海岸に沿って走る全長約40kmのサイクリングロードが整備されています。,渥美半島観光ビューロー,0531-23-3516,https://www.taharakankou.gr.jp/,"","",システム管理者,2015/01/26 15:48:18,システム管理者,2021/02/26 15:29:53
175,POINT(137.221720503625 34.626321331346),da070126,電照菊,電照菊の栽培で、群立する温室は煌々と輝く夜景となります。,渥美半島観光ビューロー,0531-23-3516,https://www.taharakankou.gr.jp/,"","",システム管理者,2015/01/26 15:48:18,システム管理者,2021/02/26 15:30:21
178,POINT(137.044765949249 35.3181717232989),da112233,あい農パーク春日井（春日井市ふれあい農業公園）,子どもから大人まで、手ぶらで気軽に「農」に触れることができる農業公園です。,あい農パーク春日井（春日井市ふれあい農業公園）,0568-37-1831,http://kasugai-nougyoukouen.jp/,"","",システム管理者,2021/02/03 10:10:29,システム管理者,2021/02/03 11:35:41
